Fechas;Cadena;Código SAP POS;Región;Comuna;Local;Online/Offline;División;Valores PVP c/IVA
Junio 2025;Preunic;3410735;09 - La Araucanía;Temuco;131 Preunic - Av. Alemania 671, Temuco;Offline;Lifestyle;1898561,7
Junio 2025;Preunic;3394348;08 - Biobío;Coronel;075 Preunic - Manuel Montt 350, Coronel;Offline;Lifestyle;1334400,55
Junio 2025;Preunic;3394319;05 - Valparaíso;San Antonio;047 Preunic - Barros Luco 105, San Antonio;Offline;Lifestyle;3157360,36
Junio 2025;Preunic;3394490;13 - Metropolitana de Santiago;Puente Alto;089 Preunic - Concha y Toro 468, Puente Alto;Offline;Lifestyle;1202480,72
Junio 2025;Preunic;3436234;13 - Metropolitana de Santiago;Ñuñoa;142 Preunic - José Pedro Alessandri 1166, Ñuñoa;Offline;Lifestyle;802426,52
Junio 2025;Maicao;3399184;10 - Los Lagos;Puerto Varas;205 Maicao - Del Salvador 240, Puerto Varas;Offline;Lifestyle;999162,9963
Junio 2025;Maicao;3399254;13 - Metropolitana de Santiago;Santiago;014 Maicao - Estado 114, Santiago;Offline;Lifestyle;553471,023
Junio 2025;Maicao;3399228;13 - Metropolitana de Santiago;Quilicura;035 Maicao - Manuel Antonio Matta 536, Quilicura;Offline;Lifestyle;1130515,101
Junio 2025;Maicao;3399034;05 - Valparaíso;Quillota;263 Maicao - OHiggins 198, Quillota;Offline;Lifestyle;1171043,074
Junio 2025;Maicao;3399096;07 - Maule;Molina;408 Maicao - Quechereguas 2027, Molina;Offline;Lifestyle;2753135,031
Junio 2025;Maicao;3399265;13 - Metropolitana de Santiago;Cerrillos;293 Maicao - Av. Américo Vespucio 1501, Cerrillos;Offline;Lifestyle;683379,0509
Junio 2025;Maicao;3394425;13 - Metropolitana de Santiago;La Cisterna;248 Maicao - Américo Vespucio 75, La Cisterna;Offline;Lifestyle;4352973,174
Junio 2025;Maicao;3436255;13 - Metropolitana de Santiago;Curacaví;459 Maicao - Avenida Ambrosio Ohiggins 1998, Curacaví;Offline;Lifestyle;1293652,998
Junio 2025;Maicao;No Definido;No Definido;No Definido;482 Maicao - Sin Direccion;Offline;Lifestyle;1019784,007
Junio 2025;Maicao;3410737;08 - Biobío;Laja;456 Maicao - Av. Balmaceda # 233, Laja;Offline;Lifestyle;3098953,077
Junio 2025;Maicao;3394403;01 - Tarapacá;Iquique;445 Maicao - Tarapacá 521, Iquique;Offline;Lifestyle;568287,0109
Junio 2025;Maicao;3399162;09 - La Araucanía;Lautaro;452 Maicao - Av Bernardo OHiggins # 978 Local 1, Lautaro;Offline;Lifestyle;3807405,012
Junio 2025;Maicao;3399123;08 - Biobío;Concepción;451 Maicao - Aníbal Pinto 592, Concepción;Offline;Lifestyle;1975411,079
Junio 2025;Maicao;3399253;13 - Metropolitana de Santiago;Santiago;286 Maicao - Estado 352, Santiago;Offline;Lifestyle;825605,0187
Junio 2025;Maicao;3436231;08 - Biobío;Concepción;471 Maicao - Barros Arana 541, Concepción;Offline;Lifestyle;1239285,052
Junio 2025;Maicao;3436256;13 - Metropolitana de Santiago;Santiago;473 Maicao - 21 de mayo #523, Santiago;Offline;Lifestyle;986171,0999
Junio 2025;Preunic;3394329;01 - Tarapacá;Iquique;052 Preunic - Vivar 610, Iquique;Offline;Lifestyle;2299575,04
Junio 2025;Preunic;3394285;13 - Metropolitana de Santiago;Peñalolén;018 Preunic - Calle Martirreno 3349, Peñalolén;Offline;Lifestyle;1451050,3
Junio 2025;Preunic;3394523;13 - Metropolitana de Santiago;Estación Central;039 Preunic - Alameda 3470, Estación Central;Offline;Lifestyle;1274568,54
Junio 2025;Maicao;3399116;08 - Biobío;Lebu;407 Maicao - Rio Seco 305, Lebu;Offline;Lifestyle;5287244,922
Junio 2025;Maicao;3394289;04 - Coquimbo;La Serena;047 Maicao - Cordovez 687, La Serena;Offline;Lifestyle;2150065,07
Junio 2025;Maicao;3399325;14 - Los Ríos;La Unión;211 Maicao - Esmeralda 706, La Unión;Offline;Lifestyle;3113651,077
Junio 2025;Maicao;3394394;05 - Valparaíso;Viña del Mar;265 Maicao - Av. Valparaíso 901-905, Viña del Mar;Offline;Lifestyle;2012499,083
Junio 2025;Maicao;3394427;13 - Metropolitana de Santiago;San Bernardo;453 Maicao - Eyzaguirre 665, San Bernardo;Offline;Lifestyle;1868470,027
Junio 2025;Maicao;No Definido;13 - Metropolitana de Santiago;Providencia;480 Maicao - Av. Andres Bello 2447 Loc 264, Providencia;Offline;Lifestyle;1019784,007
Junio 2025;Preunic;3394306;08 - Biobío;Concepción;012 Preunic - Barros Arana 774, Concepción;Offline;Lifestyle;9144452,66
Junio 2025;Preunic;3394323;05 - Valparaíso;Quillota;103 Preunic - Chacabuco 255, Quillota;Offline;Lifestyle;1455855,52
Junio 2025;Preunic;3399348;06 - Libertador General Bernardo OHiggins;San Fernando;053 Preunic - Manuel Rodriguez 720, San Fernando;Offline;Lifestyle;2790407,2
Junio 2025;Preunic;3394420;13 - Metropolitana de Santiago;San Bernardo;013 Preunic - Av. Eyzaguirre 591, San Bernardo;Offline;Lifestyle;2457323,82
Junio 2025;Maicao;3398985;01 - Tarapacá;Iquique;242 Maicao - Vivar 836, Iquique;Offline;Lifestyle;987138,0701
Junio 2025;Maicao;3399159;09 - La Araucanía;Pucón;419 Maicao - Bernardo OHiggins 372, Pucón;Offline;Lifestyle;2748178,967
Junio 2025;Maicao;3399235;13 - Metropolitana de Santiago;Recoleta;011 Maicao - Recoleta 305, Recoleta;Offline;Lifestyle;679711,0306
Junio 2025;Maicao;3399126;08 - Biobío;Concepción;400 Maicao - Barros Arana 780, Concepción;Offline;Lifestyle;2215923,121
Junio 2025;Maicao;3399239;13 - Metropolitana de Santiago;Maipú;291 Maicao - Av. 5 de Abril #33, Maipú;Offline;Lifestyle;1706290,08
Junio 2025;Maicao;3399124;08 - Biobío;Los Ángeles;256 Maicao - Colón 426, Los Ángeles;Offline;Lifestyle;2995832,211
Junio 2025;Maicao;3394435;13 - Metropolitana de Santiago;Santiago;233 Maicao - San Diego 2102, Santiago;Offline;Lifestyle;1474169,001
Junio 2025;Maicao;3399118;08 - Biobío;Talcahuano;078 Maicao - Colón 260, Talcahuano;Offline;Lifestyle;2480246,052
Junio 2025;Maicao;3399125;08 - Biobío;Tomé;411 Maicao - Manuel Montt 1062, Tomé;Offline;Lifestyle;2636148,095
Junio 2025;Maicao;3399000;04 - Coquimbo;Illapel;276 Maicao - Constitución 415, Illapel;Offline;Lifestyle;2820820,042
Junio 2025;Maicao;3436307;14 - Los Ríos;Río Bueno;465 Maicao - Comercio # 569, locales 5-6, Río Bueno;Offline;Lifestyle;2397877,084
Junio 2025;Maicao;3399030;05 - Valparaíso;Villa Alemana;057 Maicao - Av. Valparaíso 620, Villa Alemana;Offline;Lifestyle;1912404,113
Junio 2025;Maicao;3399001;04 - Coquimbo;La Serena;454 Maicao - Gregorio Cordovez # 516;Offline;Lifestyle;2654074,136
Junio 2025;Maicao;3436280;13 - Metropolitana de Santiago;Santiago;470 Maicao - Ohiggins 581, Santiago;Offline;Lifestyle;3445241,185
Junio 2025;Preunic;3394326;02 - Antofagasta;Antofagasta;024 Preunic - Av. Baquedano 676, Antofagasta;Offline;Lifestyle;4521111,07
Junio 2025;Preunic;3399532;13 - Metropolitana de Santiago;Buin;086 Preunic - Balmaceda 298, Buin;Offline;Lifestyle;4333456,4
Junio 2025;Preunic;3399547;14 - Los Ríos;Valdivia;076 Preunic - Ramón Picarte 333, Valdivia;Offline;Lifestyle;1286883,85
Junio 2025;Preunic;3394349;08 - Biobío;Talcahuano;078 Preunic - Jorge Alessandri 3177, Talcahuano;Offline;Lifestyle;2254782,25
Junio 2025;Preunic;3399522;07 - Maule;Talca;065 Preunic - Uno Sur 1537, Talca;Offline;Lifestyle;2365452,25
Junio 2025;Preunic;3399536;13 - Metropolitana de Santiago;Santiago;104 Preunic - Huérfanos 735, Santiago;Offline;Lifestyle;691247,2
Junio 2025;Preunic;3394522;13 - Metropolitana de Santiago;Maipú;028 Preunic - Av. Pajaritos 2100, Maipú;Offline;Lifestyle;1047773,58
Junio 2025;Preunic;3394358;04 - Coquimbo;Ovalle;081 Preunic - Vicuña Mackenna 66, Ovalle;Offline;Lifestyle;2808297,66
Junio 2025;Preunic;3394315;05 - Valparaíso;Viña del Mar;014 Preunic - Av. Libertad 1348, Viña del Mar;Offline;Lifestyle;4870114,27
Junio 2025;Preunic;3399541;13 - Metropolitana de Santiago;Las Condes;058 Preunic - Av. Apoquindo 6033, Las Condes;Offline;Lifestyle;628497,31
Junio 2025;Maicao;3399160;09 - La Araucanía;Temuco;079 Maicao - Diego Portales 986, Temuco;Offline;Lifestyle;913801,0595
Junio 2025;Maicao;3399220;13 - Metropolitana de Santiago;Buin;259 Maicao - José Manuel Balmaceda 224, Buin;Offline;Lifestyle;3805625,212
Junio 2025;Maicao;3399241;13 - Metropolitana de Santiago;Santiago;034 Maicao - San Isidro 23, Santiago;Offline;Lifestyle;1229876,043
Junio 2025;Maicao;3394389;05 - Valparaíso;Viña del Mar;025 Maicao - Av. Valparaíso 612, Viña del Mar;Offline;Lifestyle;2537122,174
Junio 2025;Maicao;3436281;05 - Valparaíso;Valparaíso;468 Maicao - Av. Pedro Montt 2625, Valparaíso;Offline;Lifestyle;828790,0299
Junio 2025;Maicao;3399261;13 - Metropolitana de Santiago;Santiago;002 Maicao - Unión Latino Americana 34, Santiago;Offline;Lifestyle;318382,0129
Junio 2025;Preunic;3394332;02 - Antofagasta;Calama;097 Preunic - Eleuterio Ramírez 2078, Calama;Offline;Lifestyle;2669360,4
Junio 2025;Preunic;3399346;06 - Libertador General Bernardo OHiggins;Rancagua;009 Preunic - Av. Independencia 780, Rancagua;Offline;Lifestyle;7579170,69
Junio 2025;Preunic;3399543;13 - Metropolitana de Santiago;Independencia;119 Preunic - Av. Independencia 565, Independencia;Offline;Lifestyle;592580,73
Junio 2025;Preunic;3394491;13 - Metropolitana de Santiago;Puente Alto;100 Preunic - Av. Concha y Toro 160, Puente Alto;Offline;Lifestyle;1998715,67
Junio 2025;Preunic;3436232;02 - Antofagasta;Antofagasta;134 Preunic - Av. Balmaceda 2355, Antofagasta;Offline;Lifestyle;2512627,88
Junio 2025;Maicao;3399245;13 - Metropolitana de Santiago;Santiago;004 Maicao - Meiggs 13, Santiago;Offline;Lifestyle;946939,0609
Junio 2025;Maicao;3399257;13 - Metropolitana de Santiago;Santiago;049 Maicao - San Antonio 282, Santiago;Offline;Lifestyle;421287,013
Junio 2025;Maicao;3399181;10 - Los Lagos;Osorno;064 Maicao - Eleuterio Ramírez 1085, Osorno;Offline;Lifestyle;1937379,143
Junio 2025;Maicao;3394295;04 - Coquimbo;Coquimbo;424 Maicao - Baquedano 86, Coquimbo;Offline;Lifestyle;1492024,083
Junio 2025;Maicao;3399119;08 - Biobío;Arauco;227 Maicao - Esmeralda 312, Arauco;Offline;Lifestyle;4508478,101
Junio 2025;Maicao;3394395;05 - Valparaíso;Viña del Mar;410 Maicao - Av. Valparaíso 1070, Viña del Mar;Offline;Lifestyle;2230994,055
Junio 2025;Maicao;3399214;12 - Magallanes y de la Antártica Chilena;Punta Arenas;281 Maicao - Carlos Bories 735, Punta Arenas;Offline;Lifestyle;1425653,07
Junio 2025;Maicao;3399229;13 - Metropolitana de Santiago;Melipilla;058 Maicao - Serrano 395, Melipilla;Offline;Lifestyle;2602591,142
Junio 2025;Maicao;3399099;07 - Maule;Curicó;266 Maicao - Peña 884, Curicó;Offline;Lifestyle;1134732,033
Junio 2025;Maicao;3399067;06 - Libertador General Bernardo OHiggins;Rancagua;056 Maicao - Independencia 784, Rancagua;Offline;Lifestyle;1202620,093
Junio 2025;Maicao;3399262;13 - Metropolitana de Santiago;Santiago;289 Maicao - Av. Libertador Bernardo OHiggins 1322, Santiago;Offline;Lifestyle;722122,0237
Junio 2025;Maicao;3394495;13 - Metropolitana de Santiago;Puente Alto;097 Maicao - Av. Concha y Toro 464, Puente Alto;Offline;Lifestyle;1105519,032
Junio 2025;Preunic;3394330;02 - Antofagasta;Calama;054 Preunic - Av. Balmaceda 3242, Calama;Offline;Lifestyle;1277042,55
Junio 2025;Preunic;3399533;13 - Metropolitana de Santiago;Melipilla;074 Preunic - Plaza de Armas 489, Melipilla;Offline;Lifestyle;1869373,38
Junio 2025;Preunic;3394520;13 - Metropolitana de Santiago;Huechuraba;020 Preunic - Av. Américo Vespucio 1737, Huechuraba;Offline;Lifestyle;3425619,68
Junio 2025;Preunic;3394334;02 - Antofagasta;Antofagasta;121 Preunic - Las Terrazas 1203-1205, Antofagasta;Offline;Lifestyle;4345631,29
Junio 2025;Preunic;3394333;15 - Arica y Parinacota;Arica;114 Preunic - Av. Diego Portales 640, Arica;Offline;Lifestyle;1529021,48
Junio 2025;Preunic;3399542;13 - Metropolitana de Santiago;Colina;124 Preunic - Avenida San Martin 50, local 10;Offline;Lifestyle;2375859,99
Junio 2025;Preunic;3394325;05 - Valparaíso;Calera;126 Preunic - Jose Joaquín Pérez 233, Calera;Offline;Lifestyle;1457116,92
Junio 2025;Preunic;No Definido;13 - Metropolitana de Santiago;Maipú;147 Preunic - Av. Américo Vespucio N 399 Local 633-634, Maipú;Offline;Lifestyle;1019784,007
Junio 2025;Preunic;3394356;03 - Atacama;Copiapó;051 Preunic - OHiggins 513, Copiapó;Offline;Lifestyle;3534915,23
Junio 2025;Preunic;3400936;12 - Magallanes y de la Antártica Chilena;Punta Arenas;127 Preunic - Gobernador Carlos Bories 858, Punta Arenas;Offline;Lifestyle;4117983,1
Junio 2025;Preunic;3399519;06 - Libertador General Bernardo OHiggins;Rancagua;123 Preunic - Independecia 584, Rancagua;Offline;Lifestyle;3113189,94
Junio 2025;Preunic;3411569;07 - Maule;Talca;133 Preunic - UNO SUR 1582, 1588 y 1590;Offline;Lifestyle;6539979,39
Junio 2025;Maicao;3394437;13 - Metropolitana de Santiago;San Bernardo;296 Maicao - Presidente Jorge Alessandri Rodríguez 20040, San Bernardo;Offline;Lifestyle;2042071,214
Junio 2025;Maicao;3399222;13 - Metropolitana de Santiago;Talagante;232 Maicao - Av. Bernardo OHiggins 1074, Talagante;Offline;Lifestyle;4052936,224
Junio 2025;Maicao;3399036;05 - Valparaíso;Valparaíso;207 Maicao - Pedro Montt 2098, Valparaíso;Offline;Lifestyle;1269176,007
Junio 2025;Maicao;3399179;10 - Los Lagos;Ancud;062 Maicao - Pudeto 254, Ancud;Offline;Lifestyle;2557330,016
Junio 2025;Maicao;3399158;09 - La Araucanía;Villarrica;405 Maicao - Camilo Henríquez 425, Villarrica;Offline;Lifestyle;2531709,102
Junio 2025;Maicao;3394399;02 - Antofagasta;Antofagasta;073 Maicao - Manuel Antonio Matta 2465, Antofagasta;Offline;Lifestyle;1331588,116
Junio 2025;Maicao;3399087;07 - Maule;San Javier de Loncomilla;094 Maicao - Arturo Prat 2378-2382, San Javier de Loncomilla;Offline;Lifestyle;6029359,006
Junio 2025;Maicao;3399180;10 - Los Lagos;Castro;086 Maicao - San Martín 595, Castro;Offline;Lifestyle;2139126,055
Junio 2025;Maicao;3394498;13 - Metropolitana de Santiago;Puente Alto;412 Maicao - Av. Concha y Toro 26, Puente Alto;Offline;Lifestyle;2094290,032
Junio 2025;Maicao;3410739;13 - Metropolitana de Santiago;Santiago;500 Maicao - Unión Latinoamericana 34n;Offline;Lifestyle;737805,9857
Junio 2025;Maicao;3399187;10 - Los Lagos;Puerto Montt;215 Maicao - Illapel 10, Puerto Montt;Offline;Lifestyle;1371797,074
Junio 2025;Maicao;3394397;15 - Arica y Parinacota;Arica;065 Maicao - 21 de Mayo #233, Arica;Offline;Lifestyle;913324,0242
Junio 2025;Maicao;3436378;13 - Metropolitana de Santiago;Ñuñoa;469 Maicao - Av. Irarrázaval 2771, Ñuñoa;Offline;Lifestyle;1117682,094
Junio 2025;Maicao;3399251;13 - Metropolitana de Santiago;Santiago;003 Maicao - Meiggs 24, Santiago;Offline;Lifestyle;1258826,042
Junio 2025;Preunic;3394360;03 - Atacama;Copiapó;085 Preunic - Maipú 110, Copiapó;Offline;Lifestyle;3274972,82
Junio 2025;Preunic;3394312;05 - Valparaíso;Valparaíso;011 Preunic - Av. Uruguay 359, Valparaíso;Offline;Lifestyle;2336492,41
Junio 2025;Preunic;3436275;10 - Los Lagos;Puerto Varas;136 Preunic - Del Salvador 417, Puerto Varas;Offline;Lifestyle;2319446,85
Junio 2025;Preunic;3399540;13 - Metropolitana de Santiago;Santiago;040 Preunic - Alameda 3105, Santiago;Offline;Lifestyle;656824,07
Junio 2025;Preunic;3399527;10 - Los Lagos;Puerto Montt;019 Preunic - Urmeneta 580, Puerto Montt;Offline;Lifestyle;1484733,25
Junio 2025;Preunic;3394342;09 - La Araucanía;Temuco;033 Preunic - Av. Diego Portales 968, Temuco;Offline;Lifestyle;1349830,09
Junio 2025;Maicao;3410738;09 - La Araucanía;Temuco;457 Maicao - Manuel Bulnes # 537, local 101;Offline;Lifestyle;815064,0463
Junio 2025;Maicao;3399026;05 - Valparaíso;Quillota;090 Maicao - Chacabuco 232, Quillota;Offline;Lifestyle;1859731,131
Junio 2025;Maicao;3394496;13 - Metropolitana de Santiago;Puente Alto;235 Maicao - Jose Luis Coo 113, Puente Alto;Offline;Lifestyle;1782234,107
Junio 2025;Maicao;3399117;08 - Biobío;Curanilahue;253 Maicao - Arturo Prat 1280, Curanilahue;Offline;Lifestyle;5200315,97
Junio 2025;Maicao;3399246;13 - Metropolitana de Santiago;Puente Alto;067 Maicao - Av. Camilo Henríquez 3692, Puente Alto;Offline;Lifestyle;2166894,145
Junio 2025;Maicao;3394297;04 - Coquimbo;Salamanca;450 Maicao - Manuel Bulnes 499, Salamanca;Offline;Lifestyle;3342974,013
Junio 2025;Maicao;No Definido;02 - Antofagasta;Antofagasta;478 Maicao - Pedro Aguirre Cerda 10578, local 105 y 106, Antofagasta;Offline;Lifestyle;1019784,007
Junio 2025;Maicao;3399252;13 - Metropolitana de Santiago;Santiago;202 Maicao - Alameda 1483, Santiago;Offline;Lifestyle;624418,9896
Junio 2025;Maicao;No Definido;16 - Ñuble;Chillán;477 Maicao - El Roble 770, local 6-8, Chillán;Offline;Lifestyle;1019784,007
Junio 2025;Preunic;3394316;05 - Valparaíso;Viña del Mar;026 Preunic - Av. Valparaíso 449, Viña del Mar;Offline;Lifestyle;1663247,53
Junio 2025;Preunic;3399539;13 - Metropolitana de Santiago;Santiago;072 Preunic - Av. Libertador Bernardo OHiggins 1395, Santiago;Offline;Lifestyle;917465,01
Junio 2025;Preunic;3436325;13 - Metropolitana de Santiago;Providencia;137 Preunic - Av. Andres Bello 2425, Providencia;Offline;Lifestyle;3638414,29
Junio 2025;Preunic;3394324;05 - Valparaíso;Villa Alemana;117 Preunic - Valparaíso 610-612, Valparaíso;Offline;Lifestyle;2276277,22
Junio 2025;Preunic;3394321;05 - Valparaíso;San Felipe;070 Preunic - Arturo Prat 982, San Felipe;Offline;Lifestyle;1820434,63
Junio 2025;Preunic;3394530;13 - Metropolitana de Santiago;Santiago;060 Preunic - Puente 722, Santiago;Offline;Lifestyle;1125753,09
Junio 2025;Maicao;3399029;05 - Valparaíso;Limache;219 Maicao - Urmeneta 64, Limache;Offline;Lifestyle;1962884,02
Junio 2025;Maicao;3394423;13 - Metropolitana de Santiago;La Florida;028 Maicao - Av. Vicuña Mackenna 6100, La Florida;Offline;Lifestyle;2435059,182
Junio 2025;Maicao;3399127;08 - Biobío;Coronel;448 Maicao - Manuel Montt 480, Coronel;Offline;Lifestyle;1175184,976
Junio 2025;Maicao;3394432;13 - Metropolitana de Santiago;La Cisterna;069 Maicao - Av. Américo Vespucio 75, La Cisterna;Offline;Lifestyle;4755613,339
Junio 2025;Maicao;3394438;13 - Metropolitana de Santiago;San Miguel;413 Maicao - José Miguel Carrera 6151, San Miguel;Offline;Lifestyle;2500581,094
Junio 2025;Maicao;3399027;05 - Valparaíso;Limache;443 Maicao - Av. Urmeneta 119, Limache;Offline;Lifestyle;2229120,007
Junio 2025;Maicao;3394393;05 - Valparaíso;Valparaíso;260 Maicao - Condell 1391, Valparaíso;Offline;Lifestyle;1076993,007
Junio 2025;Maicao;3399224;13 - Metropolitana de Santiago;Maipú;201 Maicao - Av. 5 de Abril #177-A, Maipú;Offline;Lifestyle;2137045,078
Junio 2025;Maicao;3399327;14 - Los Ríos;Panguipulli;257 Maicao - Martínez de Rosas 592, Panguipulli;Offline;Lifestyle;2004749,018
Junio 2025;Maicao;3399219;13 - Metropolitana de Santiago;Maipú;054 Maicao - Av. Pajaritos 1948, Maipú;Offline;Lifestyle;5021844,304
Junio 2025;Maicao;3399221;13 - Metropolitana de Santiago;Buin;029 Maicao - Balmaceda 26, Buin;Offline;Lifestyle;3904968,197
Junio 2025;Maicao;No Definido;13 - Metropolitana de Santiago;Santiago;999 Maicao - Sin Dirección;Offline;Lifestyle;1019784,007
Junio 2025;Maicao;3394293;04 - Coquimbo;Coquimbo;218 Maicao - Aldunate 1416, Coquimbo;Offline;Lifestyle;1592357,159
Junio 2025;Maicao;3399098;07 - Maule;Curicó;037 Maicao - Prat 520, Curicó;Offline;Lifestyle;824268,0656
Junio 2025;Maicao;3394396;05 - Valparaíso;Valparaíso;425 Maicao - Av. Argentina 602, Valparaíso;Offline;Lifestyle;2510043,057
Junio 2025;Maicao;No Definido;No Definido;No Definido;481 Maicao - Sin Direccion;Offline;Lifestyle;1019784,007
Junio 2025;Preunic;3394422;13 - Metropolitana de Santiago;Providencia;046 Preunic - Av. Providencia 1320, Providencia;Offline;Lifestyle;1053852,1
Junio 2025;Preunic;3394515;13 - Metropolitana de Santiago;Santiago;002 Preunic - Estado 370, Santiago;Offline;Lifestyle;3762092,18
Junio 2025;Preunic;3394340;09 - La Araucanía;Angol;025 Preunic - Lautaro 170, Angol;Offline;Lifestyle;6171115,09
Junio 2025;Preunic;3394487;13 - Metropolitana de Santiago;Puente Alto;006 Preunic - José Luis Coo 040, Puente Alto;Offline;Lifestyle;2673684,86
Junio 2025;Preunic;3399715;05 - Valparaíso;Valparaíso;116 Preunic - Av. Pedro Montt 1872, Valparaíso;Offline;Lifestyle;2036013,84
Junio 2025;Preunic;3399545;13 - Metropolitana de Santiago;San Miguel;115 Preunic - Llano Subercaseaux 3519, San Miguel;Offline;Lifestyle;2649539,76
Junio 2025;Preunic;3399529;11 - Aysén del General Carlos Ibañez del Campo;Aysén;122 Preunic - Francisco Bilbao 303, Aysén;Offline;Lifestyle;5063141,79
Junio 2025;Preunic;3400931;13 - Metropolitana de Santiago;Santiago;128 Preunic - Bandera 101 Local 4, Santiago;Offline;Lifestyle;763218,4
Junio 2025;Preunic;3394518;13 - Metropolitana de Santiago;Santiago;010 Preunic - Puente 689, Santiago;Offline;Lifestyle;969257,38
Junio 2025;Maicao;3399255;13 - Metropolitana de Santiago;Estación Central;046 Maicao - Alameda 3780, Estación Central;Offline;Lifestyle;2044489,139
Junio 2025;Maicao;3394401;15 - Arica y Parinacota;Arica;258 Maicao - 21 de Mayo #465, Arica;Offline;Lifestyle;1015763,044
Junio 2025;Maicao;3399266;13 - Metropolitana de Santiago;Pedro Aguirre Cerda;455 Maicao - José Joaquín Prieto # 5531, Local 1006;Offline;Lifestyle;1334345,977
Junio 2025;Maicao;3399267;13 - Metropolitana de Santiago;Lo Prado;409 Maicao - Av. Bernardo OHiggins 5239, Lo Prado;Offline;Lifestyle;2031593,026
Junio 2025;Maicao;3399225;13 - Metropolitana de Santiago;Colina;249 Maicao - Av. Inmaculada Concepción 060, Colina;Offline;Lifestyle;1436652,966
Junio 2025;Maicao;3399182;10 - Los Lagos;Puerto Montt;229 Maicao - Paseo Talca 120-122, Puerto Montt;Offline;Lifestyle;1153827,094
Junio 2025;Maicao;3399092;07 - Maule;Talca;061 Maicao - Av. Circunvalación Oriente 1055, Talca;Offline;Lifestyle;4420902,253
Junio 2025;Maicao;3399264;13 - Metropolitana de Santiago;Providencia;261 Maicao - Providencia 2591, Providencia;Offline;Lifestyle;683375,0168
Junio 2025;Maicao;3399243;13 - Metropolitana de Santiago;Estación Central;252 Maicao - San Francisco de Borja, Local 300, Estación Central;Offline;Lifestyle;1621621,068
Junio 2025;Maicao;3399233;13 - Metropolitana de Santiago;Recoleta;031 Maicao - Av. Recoleta 2293, Recoleta;Offline;Lifestyle;957047,9919
Junio 2025;Maicao;3399157;09 - La Araucanía;Villarrica;095 Maicao - Av. Gerónimo de Alderete 623, Villarrica;Offline;Lifestyle;2116201,133
Junio 2025;Maicao;3436206;13 - Metropolitana de Santiago;Providencia;474 Maicao - Av. Providencia 1303, Providencia;Offline;Lifestyle;829635,0013
Junio 2025;Preunic;3394328;02 - Antofagasta;Antofagasta;042 Preunic - Paseo Arturo Prat 651, Antofagasta;Offline;Lifestyle;7474324,55
Junio 2025;Preunic;3394533;13 - Metropolitana de Santiago;Maipú;105 Preunic - Av. Américo Vespucio 399, Maipú;Offline;Lifestyle;3736511,94
Junio 2025;Preunic;No Definido;06 - Libertador General Bernardo OHiggins;San Vicente de Tagua Tagua;146 Preunic - Germán Riesco N 946 A, San Vicente de Tagua Tagua;Offline;Lifestyle;1019784,007
Junio 2025;Preunic;3436291;04 - Coquimbo;La Serena;135 Preunic - Alberto Solari 1400, La Serena;Offline;Lifestyle;1811807,13
Junio 2025;Preunic;3436274;16 - Ñuble;Chillán;139 Preunic - Av. Vicente Méndez 1545-1671, Chillán;Offline;Lifestyle;2372282,85
Junio 2025;Preunic;3400921;08 - Biobío;Lota;118 Preunic - Pedro Aguirre Cerda 702, Lota;Offline;Lifestyle;2599565,71
Junio 2025;Preunic;3394354;04 - Coquimbo;Coquimbo;029 Preunic - Aldunate 1334, Coquimbo;Offline;Lifestyle;1452254,58
Junio 2025;Maicao;3399183;10 - Los Lagos;Puerto Montt;213 Maicao - Antonio Varas 834, Puerto Montt;Offline;Lifestyle;1341884,996
Junio 2025;Maicao;3394436;13 - Metropolitana de Santiago;La Florida;284 Maicao - Av. Vicuña Mackenna 7287, La Florida;Offline;Lifestyle;868227,9984
Junio 2025;Maicao;3399022;05 - Valparaíso;Quilpué;032 Maicao - Claudio Vicuña 932, Quilpué;Offline;Lifestyle;1832802,11
Junio 2025;Maicao;3399093;07 - Maule;Linares;022 Maicao - Chacabuco 411, Linares;Offline;Lifestyle;4197608,047
Junio 2025;Maicao;3394400;02 - Antofagasta;Calama;091 Maicao - Eleuterio Ramírez 1920, Calama;Offline;Lifestyle;1095306,107
Junio 2025;Maicao;3399064;06 - Libertador General Bernardo OHiggins;San Fernando;214 Maicao - Manuel Rodríguez 734, San Fernando;Offline;Lifestyle;1495908,147
Junio 2025;Maicao;3399021;05 - Valparaíso;Villa Alemana;024 Maicao - Valparaíso 716, Villa Alemana;Offline;Lifestyle;3218280,113
Junio 2025;Maicao;3399326;14 - Los Ríos;Valdivia;212 Maicao - Picarte 353, Valdivia;Offline;Lifestyle;1376719,128
Junio 2025;Maicao;3394390;05 - Valparaíso;San Antonio;053 Maicao - Av. Centenario 158, San Antonio;Offline;Lifestyle;1483382,065
Junio 2025;Maicao;3399155;09 - La Araucanía;Victoria;251 Maicao - General Lagos 570, Victoria;Offline;Lifestyle;3982893,146
Junio 2025;Maicao;3399091;07 - Maule;Talca;017 Maicao - Uno Sur 1598, Talca;Offline;Lifestyle;3013844,254
Junio 2025;Maicao;3399185;10 - Los Lagos;Puerto Montt;426 Maicao - Av. Diego Portales 1001, Puerto Montt;Offline;Lifestyle;1796198,055
Junio 2025;Maicao;3399090;07 - Maule;Parral;081 Maicao - Aníbal Pinto 632, Parral;Offline;Lifestyle;6276266,084
Junio 2025;Maicao;3394294;04 - Coquimbo;Ovalle;245 Maicao - Vicuña Mackenna 01, Ovalle;Offline;Lifestyle;2885599,251
Junio 2025;Maicao;3399250;13 - Metropolitana de Santiago;Santiago;230 Maicao - Huérfanos 1157, Santiago;Offline;Lifestyle;671479,0628
Junio 2025;Maicao;3436437;13 - Metropolitana de Santiago;Melipilla;479 Maicao - Av. Ortuzar 601, Melipilla;Offline;Lifestyle;1316881,037
Junio 2025;Preunic;3394517;13 - Metropolitana de Santiago;Santiago;007 Preunic - Ahumada 141, Santiago;Offline;Lifestyle;2161487,44
Junio 2025;Preunic;3394346;16 - Ñuble;San Carlos;067 Preunic - Serrano 533, San Carlos;Offline;Lifestyle;6577419,17
Junio 2025;Preunic;3394284;13 - Metropolitana de Santiago;La Florida;017 Preunic - Av. Vicuña Mackenna Oriente 7110, La Florida;Offline;Lifestyle;6891826,69
Junio 2025;Preunic;3399531;13 - Metropolitana de Santiago;Talagante;082 Preunic - Av. Bernardo OHiggins 1019, Talagante;Offline;Lifestyle;4278158,29
Junio 2025;Preunic;3394521;13 - Metropolitana de Santiago;Estación Central;021 Preunic - Alameda 3170, Estación Central;Offline;Lifestyle;2809700,67
Junio 2025;Maicao;3399088;07 - Maule;Cauquenes;222 Maicao - Victoria 510, Cauquenes;Offline;Lifestyle;5930003,097
Junio 2025;Maicao;3436331;13 - Metropolitana de Santiago;Santiago;462 Maicao - Puente 602 (Puente 2);Offline;Lifestyle;831619,0764
Junio 2025;Maicao;3402828;05 - Valparaíso;Viña del Mar;458 Maicao - Calle Valparaíso # 473-477, locales 1-2;Offline;Lifestyle;1032759,088
Junio 2025;Maicao;3399223;13 - Metropolitana de Santiago;Maipú;006 Maicao - Monumento 1868, Maipú;Offline;Lifestyle;1517373,153
Junio 2025;Maicao;3399263;13 - Metropolitana de Santiago;Peñalolén;274 Maicao - Mar Tirreno 3349, Peñalolén;Offline;Lifestyle;675371,0411
Junio 2025;Maicao;3399028;05 - Valparaíso;La Ligua;223 Maicao - Ortiz de Rosas 406, La Ligua;Offline;Lifestyle;3043578,034
Junio 2025;Maicao;3394391;05 - Valparaíso;Valparaíso;060 Maicao - Av. Pedro Montt 1818, Valparaíso;Offline;Lifestyle;1671172,061
Junio 2025;Maicao;3399122;08 - Biobío;Coronel;285 Maicao - Av. Carlos Pratt González, Esq. Yobilo, Coronel;Offline;Lifestyle;3878692,164
Junio 2025;Maicao;3399237;13 - Metropolitana de Santiago;Providencia;221 Maicao - Providencia 1936, Providencia;Offline;Lifestyle;786110,0611
Junio 2025;Preunic;3394514;13 - Metropolitana de Santiago;Santiago;001 Preunic - Alameda 877, Santiago;Offline;Lifestyle;2244260,27
Junio 2025;Preunic;3394351;07 - Maule;Linares;106 Preunic - Independencia 470, Linares;Offline;Lifestyle;3005863,84
Junio 2025;Preunic;3399537;13 - Metropolitana de Santiago;La Reina;092 Preunic - Larrain 5862, La Reina;Offline;Lifestyle;2568089,02
Junio 2025;Preunic;3394359;04 - Coquimbo;La Serena;084 Preunic - Calle Cordovez 529-533, La Serena;Offline;Lifestyle;2114600,25
Junio 2025;Preunic;3399347;06 - Libertador General Bernardo OHiggins;Santa Cruz;107 Preunic - Rafael Casanova 113-117, Santa Cruz;Offline;Lifestyle;9133047,7
Junio 2025;Preunic;3394344;07 - Maule;Curicó;043 Preunic - Peña 737, Curicó;Offline;Lifestyle;1670523,19
Junio 2025;Preunic;3394320;05 - Valparaíso;Quilpué;056 Preunic - Av. Ramón Freire 2414, Quilpué;Offline;Lifestyle;4310870,2
Junio 2025;Preunic;3394350;09 - La Araucanía;Villarrica;093 Preunic - Camilo Henríquez 537, Villarrica;Offline;Lifestyle;2885293,04
Junio 2025;Preunic;3394311;05 - Valparaíso;San Antonio;004 Preunic - Av. Centenario 144, San Antonio;Offline;Lifestyle;3650727,22
Junio 2025;Preunic;3399528;10 - Los Lagos;Puerto Montt;027 Preunic - Illapel 10, Puerto Montt;Offline;Lifestyle;2317767,76
Junio 2025;Preunic;3394353;14 - Los Ríos;Valdivia;110 Preunic - Arauco 561, Valdivia;Offline;Lifestyle;3236057,44
Junio 2025;Preunic;3394419;13 - Metropolitana de Santiago;Providencia;005 Preunic - Providencia 2212, Providencia;Offline;Lifestyle;927395,56
Junio 2025;Preunic;3399546;13 - Metropolitana de Santiago;Las Condes;098 Preunic - Padre Hurtado Sur 875, Las Condes;Offline;Lifestyle;952634,27
Junio 2025;Maicao;3436209;04 - Coquimbo;Vicuña;467 Maicao - Gabriela Mistral 435, Vicuña;Offline;Lifestyle;1767747,999
Junio 2025;Maicao;3394426;13 - Metropolitana de Santiago;San Bernardo;267 Maicao - Eyzaguirre 509, San Bernardo;Offline;Lifestyle;2148497,21
Junio 2025;Maicao;3394494;13 - Metropolitana de Santiago;Ñuñoa;044 Maicao - Av. Matta 060, Ñuñoa;Offline;Lifestyle;1131447,954
Junio 2025;Maicao;3399063;06 - Libertador General Bernardo OHiggins;Santa Cruz;012 Maicao - Rafael Cassanova 388, Santa Cruz;Offline;Lifestyle;2394116,006
Junio 2025;Maicao;3394388;05 - Valparaíso;San Felipe;023 Maicao - Prat 219, San Felipe;Offline;Lifestyle;2477302,183
Junio 2025;Maicao;3436330;13 - Metropolitana de Santiago;Independencia;472 Maicao - Independencia 801, local 2, Independencia;Offline;Lifestyle;405062,9933
Junio 2025;Maicao;3436327;05 - Valparaíso;Los Andes;475 Maicao - Maipú 241, Los Andes;Offline;Lifestyle;1691001,103
Junio 2025;Preunic;3394352;08 - Biobío;Coronel;109 Preunic - Carlos Pratt González 913, Coronel;Offline;Lifestyle;5969931,31
Junio 2025;Preunic;3394317;05 - Valparaíso;Valparaíso;037 Preunic - Av. Independencia 1728, Valparaíso;Offline;Lifestyle;2378732,65
Junio 2025;Preunic;3394288;13 - Metropolitana de Santiago;La Florida;059 Preunic - Av. Vicuña Mackenna 6100, La Florida;Offline;Lifestyle;1406255,13
Junio 2025;Preunic;3394287;13 - Metropolitana de Santiago;La Cisterna;031 Preunic - Av. Américo Vespucio 33, La Cisterna;Offline;Lifestyle;2842566,09
Junio 2025;Preunic;No Definido;04 - Coquimbo;Illapel;144 Preunic - Constitución esq Ignacio Silva, Illapel;Offline;Lifestyle;1019784,007
Junio 2025;Preunic;3410734;02 - Antofagasta;Antofagasta;130 Preunic - Av. Angamos 745, Antofagasta;Offline;Lifestyle;3064508,23
Junio 2025;Preunic;No Definido;12 - Magallanes y de la Antártica Chilena;Punta Arenas;148 Preunic - Av Edo Frei Montalba N 01110 Local 02, Punta Arenas;Offline;Lifestyle;1019784,007
Junio 2025;Preunic;3394421;13 - Metropolitana de Santiago;Las Condes;044 Preunic - Encomenderos 54, Las Condes;Offline;Lifestyle;2256840,95
Junio 2025;Preunic;3436407;13 - Metropolitana de Santiago;La Florida;145 Preunic - Avenida Vicuña Mackenna 7110, La Florida;Offline;Lifestyle;1232221,2
Junio 2025;Preunic;3399544;13 - Metropolitana de Santiago;Las Condes;038 Preunic - Av. Manquehue Sur 31, Las Condes;Offline;Lifestyle;1564851,19
Junio 2025;Preunic;3399534;13 - Metropolitana de Santiago;Recoleta;050 Preunic - Santa Filomena 499, Recoleta;Offline;Lifestyle;1131174,73
Junio 2025;Maicao;3399065;06 - Libertador General Bernardo OHiggins;Santa Cruz;040 Maicao - Rafael Cassanova 239, Santa Cruz;Offline;Lifestyle;2302331,032
Junio 2025;Maicao;3394292;03 - Atacama;Copiapó;089 Maicao - OHiggins 539, Copiapó;Offline;Lifestyle;3025464,259
Junio 2025;Maicao;3394392;05 - Valparaíso;Valparaíso;070 Maicao - Condell 1212, Valparaíso;Offline;Lifestyle;1270754,947
Junio 2025;Maicao;3394290;04 - Coquimbo;Coquimbo;048 Maicao - Aldunate 1237, Coquimbo;Offline;Lifestyle;1016486,112
Junio 2025;Maicao;3399340;16 - Ñuble;Chillán;224 Maicao - Cinco de Abril 740, Chillán;Offline;Lifestyle;2785460,156
Junio 2025;Maicao;3399089;07 - Maule;Linares;082 Maicao - Independencia 615, Linares;Offline;Lifestyle;3541421,948
Junio 2025;Maicao;3399156;09 - La Araucanía;Angol;287 Maicao - Lautaro 38, Angol;Offline;Lifestyle;3519257,186
Junio 2025;Maicao;3399238;13 - Metropolitana de Santiago;Las Condes;072 Maicao - Av. Apoquindo 4400, Las Condes;Offline;Lifestyle;1680133,011
Junio 2025;Maicao;3399066;06 - Libertador General Bernardo OHiggins;Rengo;226 Maicao - Arturo Pratt 74A-74B, Rengo;Offline;Lifestyle;3056547,011
Junio 2025;Maicao;3399208;11 - Aysén del General Carlos Ibañez del Campo;Coyhaique;076 Maicao - Av. Bilbao 280, Coyhaique;Offline;Lifestyle;3524526,125
Junio 2025;Maicao;3399033;05 - Valparaíso;Calera;038 Maicao - José Joaquín Pérez 236, Calera;Offline;Lifestyle;1714915,105
Junio 2025;Maicao;3399226;13 - Metropolitana de Santiago;El Bosque;275 Maicao - Av. José Miguel Carrera 10375, El Bosque;Offline;Lifestyle;2183570,044
Junio 2025;Maicao;3399260;13 - Metropolitana de Santiago;Estación Central;429 Maicao - Av. Libertador Bernardo OHiggins 3110, Estación Central;Offline;Lifestyle;934991,0563
Junio 2025;Maicao;3399242;13 - Metropolitana de Santiago;Santiago;428 Maicao - Bandera 302, Santiago;Offline;Lifestyle;672871,0415
Junio 2025;Preunic;3394362;04 - Coquimbo;Ovalle;096 Preunic - Prolongación Benavente 1075, Ovalle;Offline;Lifestyle;1815741,27
Junio 2025;Preunic;3394363;04 - Coquimbo;Coquimbo;108 Preunic - Baquedano 86, Coquimbo;Offline;Lifestyle;1392521,34
Junio 2025;Preunic;3394347;16 - Ñuble;Chillán;069 Preunic - 5 de Abril #735, Chillán;Offline;Lifestyle;3930091,62
Junio 2025;Preunic;3394322;05 - Valparaíso;Los Andes;071 Preunic - Esmeralda 273, Los Andes;Offline;Lifestyle;4075569,12
Junio 2025;Preunic;3410736;01 - Tarapacá;Iquique;132 Preunic - Av. Héroes de La Concepción 2555, Iquique;Offline;Lifestyle;3338091,61
Junio 2025;Preunic;3436324;10 - Los Lagos;Castro;138 Preunic - San Martín 547, Castro;Offline;Lifestyle;2499155,89
Junio 2025;Preunic;3394488;13 - Metropolitana de Santiago;San Bernardo;049 Preunic - Av. Jorge Alessandri 20040, San Bernardo;Offline;Lifestyle;2945514,18
Junio 2025;Maicao;3399069;06 - Libertador General Bernardo OHiggins;Rancagua;272 Maicao - Paseo Independencia 683, Rancagua;Offline;Lifestyle;2341955,141
Junio 2025;Maicao;3399121;08 - Biobío;Cañete;209 Maicao - Saavedra 603, Cañete;Offline;Lifestyle;6379269,89
Junio 2025;Maicao;3399097;07 - Maule;Talca;264 Maicao - Uno Sur 1371, Talca;Offline;Lifestyle;2264742,122
Junio 2025;Maicao;3394424;13 - Metropolitana de Santiago;La Florida;068 Maicao - Av. Vicuña Mackenna Oriente 7110, La Florida;Offline;Lifestyle;2466948,124
Junio 2025;Maicao;3399095;07 - Maule;Curicó;009 Maicao - Peña 749, Curicó;Offline;Lifestyle;3293185,151
Junio 2025;Maicao;3399249;13 - Metropolitana de Santiago;Santiago;279 Maicao - Av. Bernardo OHiggins 1041, Santiago;Offline;Lifestyle;1324669,063
Junio 2025;Maicao;3399230;13 - Metropolitana de Santiago;Independencia;441 Maicao - Av. Independencia 565, Independencia;Offline;Lifestyle;1519630,964
Junio 2025;Maicao;3399232;13 - Metropolitana de Santiago;Recoleta;436 Maicao - Dorsal 605, Recoleta;Offline;Lifestyle;1879413,053
Junio 2025;Maicao;3399025;05 - Valparaíso;Los Andes;036 Maicao - Esmeralda 211, Los Andes;Offline;Lifestyle;1956759,067
Junio 2025;Maicao;3436379;02 - Antofagasta;Calama;476 Maicao - Latorre 1987, Calama;Offline;Lifestyle;1168060,053
Junio 2025;Preunic;3399526;10 - Los Lagos;Osorno;083 Preunic - Eleuterio Ramírez 1027, Osorno;Offline;Lifestyle;2253342,35
Junio 2025;Preunic;3394341;08 - Biobío;Los Ángeles;032 Preunic - Colón 476, Los Ángeles;Offline;Lifestyle;9599825,2
Junio 2025;Preunic;3394343;08 - Biobío;Concepción;034 Preunic - Aníbal Pinto 627, Concepción;Offline;Lifestyle;2326578,52
Junio 2025;Preunic;3394286;13 - Metropolitana de Santiago;Puente Alto;030 Preunic - Av. Camilo Henriquez 3692, Puente Alto;Offline;Lifestyle;7236886,23
Junio 2025;Preunic;3394357;03 - Atacama;Vallenar;068 Preunic - Arturo Prat 1099, Vallenar;Offline;Lifestyle;3433479,63
Junio 2025;Preunic;3399521;06 - Libertador General Bernardo OHiggins;Rancagua;091 Preunic - Teniente Coronel José Bernardo Cuevas 405, Rancagua;Offline;Lifestyle;1834499,24
Junio 2025;Preunic;3399524;08 - Biobío;Tomé;090 Preunic - Manuel Montt 1158, Tomé;Offline;Lifestyle;3019546,46
Junio 2025;Maicao;3394291;03 - Atacama;Vallenar;084 Maicao - Arturo Prat 1035, Vallenar;Offline;Lifestyle;3072535,173
Junio 2025;Maicao;3399236;13 - Metropolitana de Santiago;Maipú;422 Maicao - Av. Américo Vespucio 399, Maipú;Offline;Lifestyle;1760522,152
Junio 2025;Maicao;3399094;07 - Maule;Constitución;083 Maicao - Freire 664, Constitución;Offline;Lifestyle;3120534,144
Junio 2025;Maicao;3399068;06 - Libertador General Bernardo OHiggins;San Vicente de Tagua Tagua;225 Maicao - German Riesco 901, San Vicente de Tagua Tagua;Offline;Lifestyle;1894228,053
Junio 2025;Maicao;3399178;10 - Los Lagos;Quellón;277 Maicao - Juan Ladrilleros 408, Quellón;Offline;Lifestyle;3352018,109
Junio 2025;Maicao;3399683;02 - Antofagasta;Tocopilla;220 Maicao - 21 de Mayo #1705, Tocopilla;Offline;Lifestyle;1259585,024
Junio 2025;Maicao;3399070;06 - Libertador General Bernardo OHiggins;Rancagua;246 Maicao - Santa María 387-B, Rancagua;Offline;Lifestyle;1385514,037
Junio 2025;Maicao;3399100;07 - Maule;Talca;247 Maicao - 1 Sur # 1152, Talca;Offline;Lifestyle;1015223,046
Junio 2025;Preunic;3394307;09 - La Araucanía;Temuco;015 Preunic - Bulnes 536, Temuco;Offline;Lifestyle;6209959,07
Junio 2025;Preunic;3394519;13 - Metropolitana de Santiago;Maipú;016 Preunic - Av. Américo Vespucio 1501, Maipú;Offline;Lifestyle;3089543,45
Junio 2025;Preunic;3394345;07 - Maule;Constitución;066 Preunic - Freire 586, Constitución;Offline;Lifestyle;5010060,65
Junio 2025;Preunic;3399525;08 - Biobío;Concepción;077 Preunic - Barros Arana 1608, Concepción;Offline;Lifestyle;3931046,0
Junio 2025;Preunic;3394331;15 - Arica y Parinacota;Arica;063 Preunic - 21 de Mayo 237, Arica;Offline;Lifestyle;1069191,2
Junio 2025;Preunic;3394529;13 - Metropolitana de Santiago;Maipú;041 Preunic - Av. 5 de Abril 177, Maipú;Offline;Lifestyle;2174935,63
Junio 2025;Preunic;3410733;05 - Valparaíso;Quilpué;129 Preunic - Diego Portales 822, Quilpué;Offline;Lifestyle;2324203,28
Junio 2025;Preunic;3394489;13 - Metropolitana de Santiago;Ñuñoa;062 Preunic - Av. Irarrázaval 2626, Ñuñoa;Offline;Lifestyle;1396000,9
Junio 2025;Preunic;3394308;16 - Ñuble;Chillán;022 Preunic - El Roble 638, Chillán;Offline;Lifestyle;5851250,23
Junio 2025;Preunic;3394516;13 - Metropolitana de Santiago;Santiago;003 Preunic - Puente 670, Santiago;Offline;Lifestyle;3540047,7
Junio 2025;Preunic;3399538;13 - Metropolitana de Santiago;Quilicura;087 Preunic - OHiggins 581, Quilicura;Offline;Lifestyle;6454338,66
Junio 2025;Preunic;3394531;13 - Metropolitana de Santiago;Santiago;073 Preunic - Huérfanos 1039, Santiago;Offline;Lifestyle;994529,41
Junio 2025;Maicao;3399024;05 - Valparaíso;San Felipe;204 Maicao - Arturo Prat 931, San Felipe;Offline;Lifestyle;2557501,233
Junio 2025;Maicao;3394492;13 - Metropolitana de Santiago;Puente Alto;007 Maicao - Concha y Toro 114, Puente Alto;Offline;Lifestyle;1652715,126
Junio 2025;Maicao;3399031;05 - Valparaíso;Quilpué;278 Maicao - Claudio Vicuña 868, Quilpué;Offline;Lifestyle;2275299,219
Junio 2025;Maicao;3399234;13 - Metropolitana de Santiago;Estación Central;406 Maicao - Av. San Alberto Hurtado 60, Estación Central;Offline;Lifestyle;1446958,997
Junio 2025;Maicao;3399247;13 - Metropolitana de Santiago;Ñuñoa;236 Maicao - Av. José Pedro Alessandri 1166, Ñuñoa;Offline;Lifestyle;1822717,098
Junio 2025;Maicao;3399231;13 - Metropolitana de Santiago;La Cisterna;434 Maicao - Carvajal 34, La Cisterna;Offline;Lifestyle;1606453,162
Junio 2025;Maicao;3399023;05 - Valparaíso;Quillota;020 Maicao - Arturo Prat 172, Quillota;Offline;Lifestyle;2343107,132
Junio 2025;Maicao;3410742;08 - Biobío;Lota;463 Maicao - Caupolicán # 201;Offline;Lifestyle;2099313,141
